{
  "features": [
    "vol_dHP",
    "vol_dBP",
    "vol_dEE",
    "vol_resid",
    "ac1_resid",
    "coup_dHP_dEE",
    "coup_dBP_dEE",
    "coup_dHP_dresid"
  ],
  "band": {
    "vol_dHP": {
      "med": 0.47892799999999625,
      "lo": -0.007871500000049991,
      "hi": 0.9657275000000425
    },
    "vol_dBP": {
      "med": 0.5364588999999995,
      "lo": -0.32682230000001056,
      "hi": 1.3997401000000096
    },
    "vol_dEE": {
      "med": 0.146648950000003,
      "lo": 0.022285299999989405,
      "hi": 0.2710126000000166
    },
    "vol_resid": {
      "med": 0.11759388076702315,
      "lo": 0.03796360438259505,
      "hi": 0.19722415715145125
    },
    "ac1_resid": {
      "med": 0.5983550268065183,
      "lo": -0.44068610780035655,
      "hi": 1.6373961614133932
    },
    "coup_dHP_dEE": {
      "med": 0.7485380586972677,
      "lo": 0.061076562920736155,
      "hi": 1.4359995544737993
    },
    "coup_dBP_dEE": {
      "med": 0.04797409746166825,
      "lo": -1.7349149889937758,
      "hi": 1.8308631839171123
    },
    "coup_dHP_dresid": {
      "med": -0.1649829709683775,
      "lo": -0.8124963229031723,
      "hi": 0.48253038096641726
    }
  },
  "ref_end": "2025-06-01",
  "roll_window": 96,
  "n_ref": 14157,
  "band_k": 3.0
}