{
  "features": [
    "vol_dHP",
    "vol_dBP",
    "vol_dEE",
    "vol_resid",
    "ac1_resid",
    "coup_dHP_dEE",
    "coup_dBP_dEE",
    "coup_dHP_dresid"
  ],
  "band": {
    "vol_dHP": {
      "med": 0.4785765000000026,
      "lo": -0.005356500000033293,
      "hi": 0.9625095000000385
    },
    "vol_dBP": {
      "med": 0.5353989500000012,
      "lo": -0.3241539999999894,
      "hi": 1.3949518999999917
    },
    "vol_dEE": {
      "med": 0.1465090999999994,
      "lo": 0.023025200000002854,
      "hi": 0.26999299999999593
    },
    "vol_resid": {
      "med": 0.11752576662007996,
      "lo": 0.0383466044478773,
      "hi": 0.19670492879228263
    },
    "ac1_resid": {
      "med": 0.5983550268065183,
      "lo": -0.44068610780035655,
      "hi": 1.6373961614133932
    },
    "coup_dHP_dEE": {
      "med": 0.7476396328963354,
      "lo": 0.061895182757759404,
      "hi": 1.4333840830349114
    },
    "coup_dBP_dEE": {
      "med": 0.04976553878564932,
      "lo": -1.7391508284111914,
      "hi": 1.83868190598249
    },
    "coup_dHP_dresid": {
      "med": -0.16900145593367888,
      "lo": -0.808448636107964,
      "hi": 0.47044572424060627
    }
  },
  "ref_end": "2025-06-01",
  "roll_window": 96,
  "n_ref": 14157,
  "band_k": 3.0
}