{
  "inputs": [
    "HP",
    "BP"
  ],
  "coef": {
    "HP": 0.2053215839067335,
    "BP": -0.06243495086897016,
    "const": 2.8653065834906117
  },
  "ref_end": "2025-06-01",
  "ref_std_pct": 2.133,
  "n_ref": 14157,
  "band_k": 2.0
}