{
  "features": [
    "vol_dHP",
    "vol_dBP",
    "vol_dEE",
    "vol_resid",
    "ac1_resid",
    "coup_dHP_dEE",
    "coup_dBP_dEE",
    "coup_dHP_dresid"
  ],
  "band": {
    "vol_dHP": {
      "med": 1.3569990000000018,
      "lo": -1.5980715000000316,
      "hi": 4.312069500000035
    },
    "vol_dBP": {
      "med": 1.1184374000000012,
      "lo": -0.5340899500000074,
      "hi": 2.77096475000001
    },
    "vol_dEE": {
      "med": 0.2978618999999991,
      "lo": -0.14806634999999702,
      "hi": 0.7437901499999953
    },
    "vol_resid": {
      "med": 0.15362087595033813,
      "lo": 0.009879169010073241,
      "hi": 0.297362582890603
    },
    "ac1_resid": {
      "med": 0.5270740673507797,
      "lo": -0.7850787904204266,
      "hi": 1.839226925121986
    },
    "coup_dHP_dEE": {
      "med": 0.9431681844229121,
      "lo": 0.7059527796574476,
      "hi": 1.1803835891883765
    },
    "coup_dBP_dEE": {
      "med": 0.8310996014989251,
      "lo": 0.2154973540657944,
      "hi": 1.4467018489320558
    },
    "coup_dHP_dresid": {
      "med": -0.35606281017287,
      "lo": -1.1185690668237984,
      "hi": 0.4064434464780583
    }
  },
  "ref_end": "2026-01-01",
  "roll_window": 96,
  "n_ref": 11545,
  "band_k": 3.0
}