{
  "features": [
    "vol_dHP",
    "vol_dBP",
    "vol_dEE",
    "vol_resid",
    "ac1_resid",
    "coup_dHP_dEE",
    "coup_dBP_dEE",
    "coup_dHP_dresid"
  ],
  "band": {
    "vol_dHP": {
      "med": 1.3540954999999997,
      "lo": -1.600563999999963,
      "hi": 4.308754999999962
    },
    "vol_dBP": {
      "med": 1.1182043000000021,
      "lo": -0.528848800000004,
      "hi": 2.7652574000000083
    },
    "vol_dEE": {
      "med": 0.29696555000000124,
      "lo": -0.1472660500000078,
      "hi": 0.7411971500000103
    },
    "vol_resid": {
      "med": 0.15358754544852005,
      "lo": 0.011251846080639893,
      "hi": 0.2959232448164002
    },
    "ac1_resid": {
      "med": 0.5270740673507797,
      "lo": -0.7850787904204266,
      "hi": 1.839226925121986
    },
    "coup_dHP_dEE": {
      "med": 0.9422358614388745,
      "lo": 0.7064303302157553,
      "hi": 1.1780413926619937
    },
    "coup_dBP_dEE": {
      "med": 0.8319593395018718,
      "lo": 0.16819385943028275,
      "hi": 1.495724819573461
    },
    "coup_dHP_dresid": {
      "med": -0.3573030674194501,
      "lo": -1.1051574772140482,
      "hi": 0.39055134237514805
    }
  },
  "ref_end": "2026-01-01",
  "roll_window": 96,
  "n_ref": 11545,
  "band_k": 3.0
}