{
  "inputs": [
    "HP",
    "BP"
  ],
  "coef": {
    "HP": 0.23996588514223666,
    "BP": -0.06805800596942665,
    "const": -1.0347704792164423
  },
  "ref_end": "2026-01-01",
  "ref_std_pct": 2.001,
  "n_ref": 11545,
  "band_k": 2.0
}