{
  "features": [
    "vol_dHP",
    "vol_dBP",
    "vol_dEE",
    "vol_resid",
    "ac1_resid",
    "coup_dHP_dEE",
    "coup_dBP_dEE",
    "coup_dHP_dresid"
  ],
  "band": {
    "vol_dHP": {
      "med": 0.2472475000000003,
      "lo": 0.049599999999976774,
      "hi": 0.4448950000000238
    },
    "vol_dBP": {
      "med": 1.1403215999999983,
      "lo": -0.20250959999999996,
      "hi": 2.4831527999999965
    },
    "vol_dEE": {
      "med": 0.14701085000000447,
      "lo": -0.04466394999999501,
      "hi": 0.33868565000000395
    },
    "vol_resid": {
      "med": 0.11087116523875373,
      "lo": -0.00024578266571850804,
      "hi": 0.22198811314322597
    },
    "ac1_resid": {
      "med": 0.6081844460926054,
      "lo": -0.4094147931707315,
      "hi": 1.6257836853559422
    },
    "coup_dHP_dEE": {
      "med": 0.5988308160341755,
      "lo": -0.5285529029665812,
      "hi": 1.7262145350349323
    },
    "coup_dBP_dEE": {
      "med": -0.31005315912302733,
      "lo": -2.0112525485516075,
      "hi": 1.391146230305553
    },
    "coup_dHP_dresid": {
      "med": 0.018109001768839394,
      "lo": -0.6008172190184085,
      "hi": 0.6370352225560871
    }
  },
  "ref_end": "2025-04-01",
  "roll_window": 96,
  "n_ref": 8673,
  "band_k": 3.0
}