{
  "features": [
    "vol_dHP",
    "vol_dBP",
    "vol_dEE",
    "vol_resid",
    "ac1_resid",
    "coup_dHP_dEE",
    "coup_dBP_dEE",
    "coup_dHP_dresid"
  ],
  "band": {
    "vol_dHP": {
      "med": 0.2475999999999985,
      "lo": 0.05052549999995648,
      "hi": 0.4446745000000405
    },
    "vol_dBP": {
      "med": 1.1427101000000022,
      "lo": -0.2242164999999945,
      "hi": 2.509636699999999
    },
    "vol_dEE": {
      "med": 0.14738774999999826,
      "lo": -0.04864035000002431,
      "hi": 0.34341585000002084
    },
    "vol_resid": {
      "med": 0.11091986487745054,
      "lo": -0.0029256469260854345,
      "hi": 0.2247653766809865
    },
    "ac1_resid": {
      "med": 0.6081844460926054,
      "lo": -0.4094147931707315,
      "hi": 1.6257836853559422
    },
    "coup_dHP_dEE": {
      "med": 0.594587067736202,
      "lo": -0.5177437582338056,
      "hi": 1.7069178937062095
    },
    "coup_dBP_dEE": {
      "med": -0.31739436667011695,
      "lo": -2.054935311352329,
      "hi": 1.4201465780120952
    },
    "coup_dHP_dresid": {
      "med": 0.019196993901673943,
      "lo": -0.5882190691367944,
      "hi": 0.6266130569401424
    }
  },
  "ref_end": "2025-04-01",
  "roll_window": 96,
  "n_ref": 8673,
  "band_k": 3.0
}