{
  "inputs": [
    "HP",
    "BP"
  ],
  "coef": {
    "HP": 0.23906365620160783,
    "BP": -0.07149439200749835,
    "const": 0.7590298098252842
  },
  "ref_end": "2025-04-01",
  "ref_std_pct": 2.153,
  "n_ref": 8673,
  "band_k": 2.0
}