{
  "features": [
    "vol_dHP",
    "vol_dBP",
    "vol_dEE",
    "vol_resid",
    "ac1_resid",
    "coup_dHP_dEE",
    "coup_dBP_dEE",
    "coup_dHP_dresid"
  ],
  "band": {
    "vol_dHP": {
      "med": 0.44964249999999595,
      "lo": -0.3395075000000247,
      "hi": 1.2387925000000166
    },
    "vol_dBP": {
      "med": 1.4487199999999945,
      "lo": -2.2533861249999934,
      "hi": 5.150826124999982
    },
    "vol_dEE": {
      "med": 0.3677304000000028,
      "lo": -0.45135329999999385,
      "hi": 1.1868140999999994
    },
    "vol_resid": {
      "med": 0.3116004284651588,
      "lo": -0.3822609617592594,
      "hi": 1.005461818689577
    },
    "ac1_resid": {
      "med": 0.7344247288580641,
      "lo": -0.3316821008320978,
      "hi": 1.800531558548226
    },
    "coup_dHP_dEE": {
      "med": 0.6230187549815489,
      "lo": -0.2348364538872385,
      "hi": 1.4808739638503363
    },
    "coup_dBP_dEE": {
      "med": -0.3566801391556474,
      "lo": -1.3795270528746753,
      "hi": 0.6661667745633806
    },
    "coup_dHP_dresid": {
      "med": 0.08524806719026089,
      "lo": -0.9087948309059262,
      "hi": 1.079290965286448
    }
  },
  "ref_end": "2025-04-01",
  "roll_window": 96,
  "n_ref": 5459,
  "band_k": 3.0
}