{
  "features": [
    "vol_dHP",
    "vol_dBP",
    "vol_dEE",
    "vol_resid",
    "ac1_resid",
    "coup_dHP_dEE",
    "coup_dBP_dEE",
    "coup_dHP_dresid"
  ],
  "band": {
    "vol_dHP": {
      "med": 0.450309500000003,
      "lo": -0.34045449999995014,
      "hi": 1.2410734999999562
    },
    "vol_dBP": {
      "med": 1.4549980000000033,
      "lo": -2.232727099999984,
      "hi": 5.142723099999991
    },
    "vol_dEE": {
      "med": 0.3681695499999975,
      "lo": -0.4545468500000105,
      "hi": 1.1908859500000055
    },
    "vol_resid": {
      "med": 0.3122357946189531,
      "lo": -0.3844695038103687,
      "hi": 1.008941093048275
    },
    "ac1_resid": {
      "med": 0.7344247288580641,
      "lo": -0.3316821008320978,
      "hi": 1.800531558548226
    },
    "coup_dHP_dEE": {
      "med": 0.6231662679579523,
      "lo": -0.2846945639573314,
      "hi": 1.5310270998732358
    },
    "coup_dBP_dEE": {
      "med": -0.35826775904520336,
      "lo": -1.3909655282875213,
      "hi": 0.6744300101971147
    },
    "coup_dHP_dresid": {
      "med": 0.08532519662453204,
      "lo": -0.9713842153417434,
      "hi": 1.1420346085908075
    }
  },
  "ref_end": "2025-04-01",
  "roll_window": 96,
  "n_ref": 5459,
  "band_k": 3.0
}