{
  "inputs": [
    "HP",
    "BP"
  ],
  "coef": {
    "HP": 0.21894651400751006,
    "BP": -0.0510026458856176,
    "const": 8.357997451689535
  },
  "ref_end": "2025-04-01",
  "ref_std_pct": 4.349,
  "n_ref": 5459,
  "band_k": 2.0
}